<?xml version="1.0" encoding="UTF-8" standalone="yes"?>
<Datenschnittstelle>
	<Adresszeile>
		<SimType>machine</SimType>
		<Maschine>M1234</Maschine>
		<Typ>DMG</Typ>
		<X>270</X>
		<Y>60</Y>
	</Adresszeile>
	<Adresszeile>
		<SimType>machine</SimType>
		<Maschine>M4321</Maschine>
		<Typ>DMG</Typ>
		<X>270</X>
		<Y>120</Y>
	</Adresszeile>
	<Adresszeile>
		<SimType>machine</SimType>
		<Maschine>M1432</Maschine>
		<Typ>Trumpf</Typ>
		<X>370</X>
		<Y>60</Y>
	</Adresszeile>
	<Adresszeile>
		<SimType>machine</SimType>
		<Maschine>M2341</Maschine>
		<Typ>Fanuc</Typ>
		<X>370</X>
		<Y>120</Y>
	</Adresszeile>
	<Adresszeile>
		<SimType>buffer</SimType>
		<Maschine>Buffer1</Maschine>
		<Typ>-</Typ>
		<X>200</X>
		<Y>80</Y>
	</Adresszeile>
	<Adresszeile>
		<SimType>buffer</SimType>
		<Maschine>Finished_parts</Maschine>
		<Typ>-</Typ>
		<X>440</X>
		<Y>80</Y>
	</Adresszeile>
</Datenschnittstelle>